卦番号,卦の名前,読み,キーワード,資質,性格,能力,傾向（くせ）,長所,短所,対人関係,適職,開運アドバイス
1,乾為天,けんいてん,創造とリーダーシップ,純粋な創造エネルギー、無限の可能性、リーダーシップ、理想主義,積極的、エネルギッシュ、プライドが高い、自己中心的、正義感が強い,統率力、開拓力、指導力、無から有を生み出す力,独断専行になりがち、他人の意見を聞かない、傲慢に見られる,強力なリーダーシップで周囲を牽引する、行動力がある,協調性に欠ける、やり過ぎて失敗することがある,常に中心人物、指導者であろうとする。頼られるが、敵も作りやすい。,経営者、起業家、政治家、プロジェクトリーダー、指導的立場,謙虚さを忘れず、周囲への感謝と調和を心がけること。「亢龍悔いあり」とならないよう、引き際をわきまえる。
2,坤為地,こんいち,受容と母性,純粋な受容エネルギー、母性、育成力、現実的な安定感,穏やか、従順、勤勉、受動的、包容力がある、縁の下の力持ち,サポート能力、育成能力、調整能力、持続力,優柔不断、指示待ちになりがち、自分の意見を言わない,人を支え、育む力がある。地道な努力を継続できる。,自発性に欠ける、決断が遅い、人に利用されやすい,補佐役、聞き役として信頼される。誰にでも優しく接する。,秘書、保育士、カウンセラー、総務・人事、看護師,自らの意思を持ち、主体的に行動することも大切。従うべき相手（リーダー）を正しく選ぶ。
3,水雷屯,すいらいちゅん,生みの苦しみと潜在能力,潜在能力、忍耐力、困難を乗り越える力,悩みやすい、慎重、粘り強い、内向的、苦労性,状況分析能力、忍耐力、将来のための土台を作る力,すぐに行動に移せない、思い悩む、チャンスを逃しがち,苦しい状況でも耐え抜く精神力がある、将来性が高い。,行動が遅い、悲観的になりやすい,助けを求めるのが苦手。信頼できる協力者を得ることが成功の鍵。,研究者、開発者、コンサルタント、苦境にある組織の再建役、産婦人科医,焦りは禁物。今は苦しくても、協力者を得て、時が来るのを待つこと。
4,山水蒙,さんすいもう,啓蒙と無知,素直さ、純粋さ、学ぶ意欲、未知の可能性,未熟、子供っぽい、無邪気、教えを請うことに抵抗がない,吸収力、学習能力、素直に物事を受け入れる力,自分で考えない、人に頼りすぎる、同じことを何度も聞く,スポンジのように知識を吸収する、師から可愛がられる。,判断力に欠ける、騙されやすい、自立心がない。,師となる存在を見つけることが重要。教える側・教えられる側の関係を築きやすい。,学生、弟子、研修生、新人。または教育者（教える側の視点）。,素直な心で師を求め、教えを請うこと。一度決めた師を信じ、繰り返し問いただすようなことはしない。
5,水天需,すいてんじゅ,待機と希望,待つ力、忍耐力、楽観性、時流を読む力,どっしりしている、焦らない、いずれ良くなると信じている,時が来るのを待つ能力、状況を見極める力,のんびりし過ぎて、行動が遅れる,危険な時には動かず、好機をじっと待つことができる,ただ待っているだけで、行動を起こさないことがある,慌てず騒がず、人に安心感を与える。約束は必ず守る。,投資家、農耕・漁業関係、戦略家、長期プロジェクトの担当者,ただ待つのではなく、飲食や宴会で英気を養いながら、情報収集を怠らず、来るべき時に備えること。
6,天水訟,てんすいしょう,争いと訴訟,正義感、論理的思考、交渉力,理屈っぽい、負けず嫌い、争いごとを好む、正義感が強い,議論や交渉で相手を説得する能力、論理的に主張を組み立てる力,些細なことで争いを起こす、妥協ができない,正当な権利を主張し、守ることができる。,常に争いが絶えず、人間関係を損なう。,対立や口論が絶えない。敵を作りやすい。,弁護士、検事、評論家、ディベーター,争いは避けるに越したことはない。事を大きくせず、信頼できる仲介者に相談するのが良い。
7,地水師,ちすいし,戦争と大衆統率,統率力、大衆を率いる力、自己犠牲の精神、戦略性,厳格、規律を重んじる、目的意識が強い、大衆心理を読む,組織統率能力、戦略立案能力、人を動かす力,目的のためには手段を選ばない、非情になりがち,困難な目標に向かって、組織を一つにまとめられる。,独裁的になる危険性、人情味に欠けると思われることがある。,将軍と兵士のような関係。信頼と規律で結ばれるが、個人的な親密さには欠ける。,軍人、警察官、経営者、政治家、監督、プロジェクトマネージャー,私心を捨て、大義のために行動すること。人々の信頼を得られる徳の高い人物をリーダーに据えることが成功の鍵。
8,水地比,すいちひ,親和と補佐,親しみやすさ、協調性、補佐する力、求心力,社交的、情が深い、誰とでも仲良くなれる、リーダーを支える,人と親しみ、協力関係を築く能力、優れたリーダーを補佐する力,なれ合いになりやすい、決断力に欠ける,中心人物を助け、組織の和を保つことで、成功に貢献する。,リーダー選びを間違えると、共に不幸になる。,水が大地に染み込むように、自然と人と親しくなれる。中心人物の周りに人が集まる。,秘書、マネージャー、ナンバー２、カウンセラー、チームの一員,親しくする相手をよく見極めること。遅れて来た者は受け入れられないこともあるので、タイミングが重要。
9,風天小畜,ふうてんしょうちく,小さな障害と育成,粘り強さ、育成能力、細やかな配慮、準備する力,控えめ、真面目、コツコツ努力する、少し頼りない印象,準備を重ねる能力、人を育てる力、逆境に耐える力,大きなチャンスを前にすると、ためらってしまう,実現のために、地道な努力を続けることができる,力不足で、物事が中途半端に終わりがち,献身的に人を支えるが、主導権は握れない。縁の下の力持ちタイプ。,教師、コーチ、秘書、サポート役、研究開発の補助,まだ力不足。焦らず、実力を養うことに専念する。無理に進もうとしないこと。
10,天沢履,てんたくり,礼儀と実践,礼儀正しさ、慎重さ、実践力、危機管理能力,謙虚、真面目、目上を敬う、慎重に行動する,危険を回避する能力、着実に物事を進める力、マナーの実践,臆病、堅苦しい、融通が利かない,礼儀正しく、目上の人から可愛がられる。危険を未然に防ぐ。,チャンスを逃しやすい、窮屈な印象を与える,上下関係を重んじ、礼儀を尽くす。強い相手にもうまく従う。,秘書、補佐役、公務員、伝統芸能の世界,虎の尾を踏むような危険な状況。礼儀と慎重さを忘れず、謙虚な姿勢を貫くこと。
11,地天泰,ちてんたい,平和と安定,安定感、調和、コミュニケーション能力、平和を愛する心,穏やか、社交的、誰とでもうまくやれる、包容力がある,調整能力、人をつなぐ力、平和な状態を維持する力,事なかれ主義、決断力に欠けることがある,人と人との間を取り持ち、円満な関係を築ける,対立を恐れるあまり、言うべきことを言えないことがある,誰からも好かれる人気者。コミュニケーションの中心となり、場を和ませる。,人事、カウンセラー、外交官、接客業、調整役,平和な時こそ、将来の混乱に備えること。小さな乱れを見逃さないようにする。
12,天地否,てんちひ,停滞と断絶,忍耐力、内省する力、逆境への耐性,内向的、非社交的、頑固、人を寄せ付けない雰囲気,孤独の中で自分を磨く能力、状況を冷静に分析する力,塞ぎ込みがち、コミュニケーションを避ける,困難な状況でも、自分の内面を見つめ、精神的に成長できる,孤立しやすく、チャンスを逃す,人との交流がうまくいかない。誤解されやすく、孤立しがち。,専門職、職人、研究者など、一人で黙々と取り組む仕事,今は何もしても通じない冬の時代。無理に動かず、自分の内面を充実させることに集中する。
13,天火同人,てんかどうじん,同志と協調,協調性、公平無私、友愛の精神、オープンマインド,社交的、誰とでも分け隔てなく接する、オープンな性格,人々をまとめる力、共通の目的のために協力する力,八方美人、身内への配慮に欠けることがある,公平な立場で人と接し、多くの仲間や協力者を得られる,特定の人との深い関係を築くのが苦手なことがある,公の場で多くの人と協力関係を築く。派閥や身内意識を嫌う。,国際的な仕事、NPO・NGO活動、プロジェクトリーダー、組合のまとめ役,私心を捨て、公の目的のために人と協力すること。隠し事はせず、オープンな姿勢を貫く。
14,火天大有,かてんたいゆう,所有と豊かさ,所有する力、豊かさ、人徳、人を引きつける魅力,明るく、寛大、おおらか、多くの人に慕われる,人をまとめる力、富を築く能力、管理能力,おごりやすい、自分の所有物を自慢しがち,人望があり、自然と人や富が集まってくる,慢心から足元をすくわれることがある,中心の太陽のように人を引きつけ、多くの人から慕われる。気前が良い。,組織のトップ、資産家、プロデューサー、人望のいる仕事全般,富や人望は天から与えられたものと考え、驕らず、社会に還元する気持ちを持つこと。
15,地山謙,ちざんけん,謙虚と人徳,謙虚さ、人徳、有能さ、バランス感覚,腰が低い、実力があるのにひけらかさない、誰からも好かれる,人をまとめる能力、実務能力、自分を律する力,自分を卑下しすぎることがある,謙虚な姿勢によって、誰からも助けられ、物事を最後までやり遂げられる。,能力があるのに、リーダーシップを取りたがらないことがある。,敵を作らず、全ての人と円満な関係を築くことができる。,どんな職業でも成功できるが、特に人の上に立つ調整役やリーダーに向く。,常に謙虚な気持ちを持ち続けること。実力があっても、決して驕らない。
16,雷地豫,らいちよ,準備と享楽,準備する力、先見性、楽しむ力、人を動かす力,用意周到、楽観的、音楽や楽しいことが好き、人を喜ばせるのが好き,人々を動員する能力、周到に準備する能力,楽しみに溺れやすい、油断しやすい,事前の準備をしっかり行い、人々を喜ばせ、成功を収める。,快楽にふけり、本来の目的を見失うことがある。,ムードメーカーで、周囲を楽しませる。信頼できる補佐役を置くことで成功する。,音楽家、エンターテイナー、イベント企画、レジャー産業,楽しむことは良いが、それに溺れないこと。備えあれば憂いなし。決断は早めに行う。
17,沢雷随,たくらいずい,追従と時流,柔軟性、順応性、時流に乗る力、人から好かれる,素直、社交的、人に合わせるのが上手、軽率な面も,人に従い、信頼を得る能力、時代の流れを読む力,付和雷同、自分の意見がない、安易に流される,誰にでも合わせられ、可愛がられる。時流に乗って成功できる。,主体性がなく、悪人にもついて行ってしまう危険性がある。,人に逆らわず、うまく付き合う。人気者だが、八方美人に見られがち。,秘書、部下、サラリーマン、接客業、流行を追う仕事,誰に、何に従うのかをしっかり見極めること。信念を持って従うことが大切。
18,山風蠱,さんぷうこ,腐敗と刷新,改革する力、問題解決能力、後始末する力、タフさ,責任感が強い、困難に立ち向かう、厳しい、物事を根本から立て直したい,腐敗した組織や状況を立て直す能力、原因を追求する力,厳しくなりすぎる、過去の問題にこだわりすぎる,誰もが嫌がる後始末を引き受け、状況を改善できる。,恨みを買いやすい、常に問題を探してしまう。,親や先代が残した問題の処理に追われる。厳しい態度が誤解されやすい。,経営再建コンサルタント、監査役、政治家、弁護士,腐敗の原因をしっかり見極め、大胆かつ慎重に改革を進めること。感情的にならない。
19,地沢臨,ちたくりん,臨機応変と統率,統率力、面倒見の良さ、臨機応変さ、人気,明るく、おおらか、親分肌・姉御肌、人を育てるのが好き,人をまとめて率いる能力、状況に応じて対応する力、指導力,おせっかい、相手を甘やかしすぎる,人々から慕われ、リーダーシップを発揮する,油断しやすい、下の者の失敗の責任を取らされる,人気者で、自然と人が集まってくる。面倒見がよく頼られる。,リーダー、管理職、教師、プロデューサー、政治家,人気や権力に溺れず、常に謙虚な姿勢でいること。将来の危機に備えることを忘れない。
20,風地観,ふうちかん,観察と洞察,洞察力、観察力、人徳、影響力,静か、思慮深い、物事の本質を見抜く、精神性が高い,深い洞察力で人々を導く能力、状況を静観し分析する力,評論家になりがち、行動が伴わない,物事の表面に惑わされず、本質を見抜いて人々を導くことができる。,実践力に欠けることがある、机上の空論で終わりやすい。,徳の高さから、自然と人々が教えを請いに集まってくる。尊敬される指導者。,宗教家、哲学者、コンサルタント、教育者、政治顧問,表面的な観察だけでなく、その背後にある人々の心や精神性まで見つめること。
21,火雷噬嗑,からいぜいごう,障害除去と決断,決断力、障害を打ち破る力、正義感,歯に衣着せぬ、情熱的、正義感が強い、怒りっぽい,問題解決能力、交渉力、断固たる処置をとる力,強引、口やかましい、敵を作りやすい,間に挟まった障害物を取り除き、物事を前進させることができる,やり方が荒っぽく、反感を買うことが多い,議論好きで、相手を言い負かそうとする。白黒つけたがる。,弁護士、検事、警察官、社内監査役、交渉人,障害を取り除く際は、公正な手続きを踏むこと。刑罰や処罰は慎重に行う必要がある。
22,山火賁,さんかひ,装飾と美,美的センス、装飾する才能、芸術性、表現力,おしゃれ、外面を気にする、優雅、見栄っ張り,デザイン能力、プレゼンテーション能力、美しく見せる力,実質よりも見た目を重視する、中身が伴わない,物事を美しく飾り、人の目を楽しませることができる,本質的な問題から目をそらしがち、虚飾に陥りやすい,見た目や雰囲気で人を判断しがち。付き合いは華やかだが、表面的。,デザイナー、スタイリスト、広報、広告、芸術家、インテリアコーディネーター,外見の美しさだけでなく、内面の実質を伴わせることが大切。本質を見失わないように。
23,山地剥,さんちはく,剥落と崩壊,危機察知能力、現状維持への執着（悪い意味で）,保守的、現状にしがみつく、衰運にある,（良い能力はない）,悪い状況から目をそむける、根本的な対策を怠る,（ない）,全てを失う危険性がある。,小人（よこしまな人）が得意になり、君子（徳のある人）が追いやられる。人間関係が崩壊する。,（良い職はない）リストラされる側、倒産する会社の社員,今は何もしても無駄。大きな行動は慎み、嵐が過ぎ去るのを待つこと。再起の時を待つしかない。
24,地雷復,ちらいふく,再起と回復,回復力、再起する力、物事の始まりを見出す力、探究心,前向き、失敗を恐れない、素直、根本に戻って考える,失敗から立ち直る力、物事を一からやり直す力,同じ過ちを繰り返すことがある,どんな状況からでも、希望を見出し、再スタートできる。,完全に回復する前に焦って動き、再び失敗することがある。,友情を大切にする。一度離れた人とも、自然と関係が回復する。,ベンチャー企業の再建、リハビリ関係、研究者、季節性の仕事,焦らず、じっくりと力を蓄えること。道に迷ったら、原点に立ち返ることが大切。
25,天雷无妄,てんらいむぼう,自然体と無心,純粋さ、誠実さ、自然体、私欲のなさ,天真爛漫、正直、裏表がない、自然のまま,自然の流れに沿って物事を成す力,無邪気すぎて、現実的な計算ができない、無防備,私心がないため、天の助けを得て、思わぬ成功を収める。,予期せぬ災難に遭いやすい、無策で失敗する。,純粋で正直なため、人から好かれるが、悪意に気づかず傷つくことも。,農業、自然に関わる仕事、聖職者、ボランティア,下心や邪念を持たず、自然の成り行きに任せること。無理に行動すると災いを招く。
26,山天大畜,さんてんだいちく,蓄積と抑制,蓄える力、抑制力、ポテンシャル、高い見識,どっしりと構えている、思慮深い、忍耐強い、内面に大きなエネルギーを秘めている,知識や才能を蓄積する能力、自己コントロール能力、大局を見る力,表に出さないため、何を考えているか分かりにくい,長い時間をかけて大きなことを成し遂げる、動じない安定感がある,行動に移るのが遅い、チャンスを逃すことがある,尊敬されるが、少し距離を置かれる存在。よき師、よき上司となる。,学者、研究者、教育者、大企業の幹部、思想家,知識や力を蓄えるだけでなく、社会のために活かす時を見極めること。
27,山雷頤,さんらいい,養育と自己管理,育てる力、自己管理能力、言語感覚、探究心,おっとりしている、自分のペースを大事にする、食いしん坊、言葉を慎む,人や物を育てる能力、健康管理能力、言語能力,口は災いのもと、怠けやすい、口出しをしすぎる,人や自分を正しく養い、着実に成長させることができる。,言葉で失敗しやすい、欲望に溺れやすい。,口が災いしてトラブルになることも。聞き役に徹するとうまくいく。人を育てるのが上手。,栄養士、教師、保育士、言語聴覚士、農業、コメンテーター,口に入れるもの（食事）と口から出すもの（言葉）を慎むこと。自立し、正しく自分を養う。
28,沢風大過,たくふうたいか,過剰と非常事態,非常時の行動力、大胆さ、常識を超えた力,型破り、大胆不敵、やりすぎてしまう、責任感が強い,困難な状況を一人で乗り切る力、非常時のリーダーシップ,無茶をする、常識を無視する、バランスを欠く,誰もが諦めるような状況で、驚くべき力を発揮する。,平常時には浮いてしまう、やり過ぎて自滅する。,孤立無援で奮闘する。理解されにくいが、その行動力に救われる人もいる。,危機管理コンサルタント、特殊部隊、トラブルシューター、倒産整理人,非常事態であると覚悟を決めること。一人で抱え込まず、協力者を求めることも考える。
29,坎為水,かんいすい,困難と習熟,忍耐力、精神的な強さ、探究心、習熟する力,苦労性、内省的、悩みやすい、粘り強い、真理を求める,困難な状況を乗り越える力、専門性を深める能力,物事を深刻に考えすぎる、一つのことに囚われる,苦難を通じて精神的に成長し、物事を習得できる。,悲観的になりやすい、視野が狭くなる。,悩みを分かち合える深い関係を求める。表面的な付き合いは苦手。,研究者、学者、技術者、カウンセラー、宗教家、探偵,困難の中にこそ学びがある。誠意を持って行動し続ければ、必ず道は開ける。
30,離為火,りいか,知性と情熱,知性、情熱、美的なセンス、洞察力,明るく華やか、感情の起伏が激しい、知的、プライドが高い,分析力、芸術的表現力、物事を明らかにする力,見栄っ張り、熱しやすく冷めやすい、感情的になる,知性と情熱を兼ね備え、人を魅了する。美的センスに優れる。,依存心が強く、一人ではいられない。感情のコントロールが苦手。,華やかで目立つ存在。人との関わりを求めるが、べったりした関係になりやすい。,学者、アーティスト、デザイナー、評論家、俳優,感情の波に乗りこなし、冷静な知性を保つこと。自立心を持ち、柔順な心でいることが大切。
31,沢山咸,たくざんかん,感応と恋愛,感受性、共感力、人を惹きつける魅力、純粋な心,感受性が豊か、デリケート、ロマンチスト、影響されやすい,人の心を読み取る力、共感する能力、インスピレーションを得る力,感情の起伏が激しい、気分屋,言葉なくして相手の気持ちを察し、心を通わせることができる。,他人の感情に引きずられやすい、傷つきやすい。,恋愛や結婚の象徴。若い男女が惹かれあうように、自然な感応で関係が深まる。,アーティスト、カウンセラー、詩人、俳優、占い師,私心を捨て、無心で相手を感じること。頭で考えず、心の声に耳を澄ます。
32,雷風恒,らいふうこう,持続と不変,継続力、忍耐強さ、誠実さ、不変の心,地道、真面目、一度決めたことはやり通す、変化を嫌う,物事を長く続ける能力、習慣化する力,頑固、融通が利かない、マンネリに陥りやすい,コツコツと努力を続け、大きな信頼を得る。,新しいことへの対応が遅い、刺激がない。,夫婦のように、長く安定した関係を築く。刺激はないが、安心感がある。,職人、研究者、公務員、伝統を守る仕事、経理,時には気分転換や新しい視点を取り入れ、マンネリを防ぐこと。自分の信じる道を貫く。
33,天山遯,てんざんとん,退避と距離,時勢を読む力、身を引く勇気、戦略的撤退,賢い、逃げ上手、深入りしない、冷静,危機を察知し、うまく逃れる能力、距離を置く力,責任逃れと見られる、冷たい印象を与える,無駄な争いを避け、賢く身を守ることができる。,人との深い関わりを避けるため、孤立することがある。,相手との間に絶妙な距離を保つ。深入りせず、あっさりと関係を断つことも。,隠居生活、アドバイザー、コンサルタント、リスク管理者,逃げるが勝ち。無理に戦わず、適切なタイミングで身を引くのが最善の策。
34,雷天大壮,らいてんたいそう,パワーと前進,勢い、パワー、前進する力、若々しいエネルギー,血気盛ん、猪突猛進、エネルギッシュ、正義感が強い,実行力、行動力、推進力,勢い任せで、後先を考えずに行動してしまう,圧倒的なパワーで物事を前進させられる,暴走しやすく、思慮に欠けるため失敗も多い,ぐいぐい引っ張っていくタイプ。力強いが、周囲がついていけないことも。,営業職、スポーツ選手、現場監督、ベンチャー企業の立ち上げメンバー,力を過信せず、無謀な行動は慎むこと。礼儀とルールを守ることが暴走の歯止めになる。
35,火地晋,かちしん,前進と昇進,積極性、上昇志向、明晰さ、人望,明るい、前向き、目標に向かって進む、人に認められたい,目標達成能力、人を率いて進む力、アピール力,調子に乗りやすい、自己顕示欲が強い,順調に目標を達成し、出世していく。,目先の利益に囚われると失敗する。,リーダーとして認められ、人々を明るく照らしながら率いていく。,出世コースに乗った会社員、政治家、リーダー全般,順調な時こそ、謙虚さと寛大さを忘れないこと。目先の小さな利益にこだわらない。
36,地火明夷,ちかめいい,迫害と韜晦（とうかい）,忍耐力、困難な状況で才能を隠す知恵、不屈の精神,苦労性、用心深い、本心を明かさない、内に強い意志を持つ,逆境を耐え忍ぶ力、自分の能力を隠して難を逃れる能力,疑り深い、悲観的、人を信用しない,どんなに理不尽な目にあっても、希望を捨てず、再起の時を待てる,暗い印象を与え、人を寄せ付けない,人を信用できず、孤独になりがち。自分の才能を理解してくれる人を待つ。,（才能を発揮できる状況ではない）雌伏の時を過ごす研究者や芸術家,暗黒の時代。才能をひけらかさず、愚かに見せてでも難を逃れること。必ず夜は明けると信じる。
37,風火家人,ふうかかじん,家族と役割,家庭的な愛情、責任感、協調性,真面目、規律正しい、情愛深い、内向き,家庭を切り盛りする力、組織内の調和を保つ力,世間体を気にする、内輪で物事を解決しようとする,家庭や組織内に安定と秩序をもたらす,視野が狭くなりがち、身内に甘い,家族のような強い絆で結ばれた関係を築く。役割分担を重んじる。,主婦・主夫、家業、教員、人事・総務,家族一人ひとりが自分の役割を誠実に果たすこと。厳しさと愛情のバランスが大切。
38,火沢睽,かたくけい,対立と不和,個性、独自性、批判精神、異なる視点,あまのじゃく、反骨精神が旺盛、人と同じことを嫌う、疑り深い,独自の視点で物事を見る力、分析力、改革する力,何にでも反対する、孤立しがち、和を乱す,人が気づかない問題点を発見できる、ユニークな発想を持つ,人と協力できない、誤解されやすい,人と反目しやすく、孤立無援になりがち。違いを認め合える相手とならうまくいく。,評論家、アーティスト、発明家、一匹狼的な専門職,対立の中にも、小さな共通点を見出す努力を。感情的にならず、違いを個性として受け入れる。
39,水山蹇,すいざんけん,行き詰まりと反省,忍耐力、内省する力、協力者を求める力,苦労性、悩みが多い、進退窮まる、助けを求めるのが上手,困難な状況で、自分を見つめ直す能力、人の助けを借りる能力,八方塞がりで動けない、悲観的になる,困難な状況で、賢者の助言を得て、道を切り開くことができる。,一人では何もできない、他力本願になりがち。,困難な状況で、助けてくれる目上の人や友人が現れる。,（進むべき時ではない）アドバイザーや師の助言を求める全ての立場,無理に進むのをやめ、内面を省みること。信頼できる目上の人に相談し、助言に従う。
40,雷水解,らいすいかい,解放と解決,問題解決能力、寛大さ、行動力、素早さ,さっぱりしている、過去にこだわらない、行動が早い、寛大,困難な状況や問題を解決する力、人を許す力,大雑把、詰めが甘い,問題が解決したら、すぐに次の行動に移れる。人を許し、水に流すことができる。,問題の根本解決に至らないことがある。,緊張が解け、和やかな関係が戻る。罪や過ちを許すことで、信頼を得る。,トラブルシューター、弁護士、コンサルタント、カウンセラー,問題が解決したら、速やかに行動すること。過去にこだわらず、赦す心を大切に。
41,山沢損,さんたくそん,損失と誠実,自己犠牲、質素倹約、誠実さ,控えめ、我慢強い、自分のことを後回しにする,無駄を省く力、人を助ける力,損な役回りを引き受ける、自分を犠牲にしすぎる,下の者を助けることで、結果的に信頼を得る。,常に損をしている、自己肯定感が低くなりがち。,人に与えてばかりで、自分が損をする関係になりやすい。,ボランティア、福祉関係、コンサルタント（コストカット）,損して得取れ。誠意をもって与えれば、巡り巡って自分に返ってくる。怒りを抑えること。
42,風雷益,ふうらいえき,増加と貢献,奉仕精神、積極性、人を助ける力、発展性,親切、行動的、自己犠牲をいとわない、前向き,事業を拡大する能力、社会貢献する力、人を助け成長させる力,おせっかい、自分のことを後回しにしすぎる,人や社会のために尽くすことで、結果的に自分も豊かになる。,自分の利益を考えなさすぎることがある。,人助けが好きで、多くの人から感謝される。良いリーダーになれる。,福祉関係、NPO職員、教師、コンサルタント、公共事業,良いと思ったらすぐに行動に移すこと。人の長所を真似て、自分の短所を改めるのが良い。
43,沢天夬,たくてんかい,決断と突破,決断力、突破力、明晰さ、改革精神,大胆不敵、決断が速い、白黒はっきりさせたい、短気な面も,問題解決能力、交渉力、断ち切る力,強引に進めようとする、細やかな配慮に欠ける,迷わず決断し、困難な状況を打開できる,力任せになりがちで、反発を招きやすい,頼りになるリーダーだが、敵味方をはっきり分ける。合わない人とは徹底的に対立する。,コンサルタント、弁護士、外科医、リストラ担当者、改革者,決断の前に、隠れた危険がないか慎重に確認すること。強さだけでなく、柔和な対応も身につける。
44,天風姤,てんぷうこう,偶然の出会いと警戒,鋭い直感、チャンスを掴む力、影響力,魅力的、積極的、油断しやすい、移り気,人を惹きつける能力、偶然の出会いを活かす力,誘惑に弱い、危険な関係に陥りやすい,予期せぬチャンスや出会いをものにできる。,良くないもの（人）を引き寄せてしまう危険性がある。,思いがけない出会いが多い。魅力的な異性との出会いを暗示するが、注意が必要。,営業、芸能関係、企画、インフルエンサー,偶然の出会いには慎重に対応すること。特に、強い力を持つ女性や、甘い誘惑には警戒が必要。
45,沢地萃,たくちすい,集合と繁栄,求心力、社交性、人を集める力、豊かさ,明るい、社交的、お祭り好き、リーダーシップがある,人、モノ、金を集める能力、組織をまとめる力,享楽的になりやすい、集団の中で自分を見失う,人々をまとめ、大きな力と豊かさを生み出すことができる。,予期せぬトラブルに備えることを忘れがち。,人が集まる中心にいる。人気者で、多くの人から慕われる。,経営者、プロデューサー、イベント企画、政治家、宗教団体の長,人が集まる時には、思わぬ争いや災難も起こりうる。常に備えを怠らないこと。
46,地風升,ちふうしょう,上昇と成長,素直さ、努力、成長意欲、着実に進む力,謙虚、真面目、努力家、目上を敬う,小さな努力を積み重ねて成長する能力、師から学ぶ力,成長がゆっくり、派手さがない,着実にステップアップし、最終的に大きな成功を収める。,結果が出るまでに時間がかかる。,師や先輩に素直に従うことで、引き立てられる。着実な成長が信頼を生む。,大器晩成型のあらゆる職業。特に、経験がものをいう専門職。,焦らず、一歩一歩進むこと。目上の人の教えに素直に耳を傾け、努力を続けることが大切。
47,沢水困,たくすいこん,困窮と忍耐,忍耐力、精神的な強さ、逆境でこそ輝く信念,苦労性、悲観的、口が重い、内に強い意志を秘めている,苦境に耐える力、本質を見抜く力,愚痴っぽくなる、希望を失いがち,どんな困難な状況でも耐え抜き、信念を曲げない,チャンスを活かせない、殻に閉じこもる,苦しい状況で、なかなか人に理解されない。言葉よりも信念で繋がる関係を求める。,哲学者、思想家、研究者、逆境にある組織の立て直し役,困窮しても、志を失わないこと。言葉ではなく、自分の信念と行動で道を切り開く。
48,水風井,すいふうせい,普遍と奉仕,奉仕の精神、変わらない価値、育成能力、公共性,穏やか、縁の下の力持ち、誰にでも公平、地味,人々のために尽くす力、組織やコミュニティの基盤を支える能力,自分をアピールしない、変化を好まない,井戸水のように、誰にでも分け隔てなく恵みを与え、人々に感謝される。,努力が正当に評価されないことがある。,人々の生活に欠かせない存在だが、当たり前だと思われがち。静かな信頼関係を築く。,公務員、インフラ関係、教師、福祉関係、カウンセラー,自分の徳を磨き続けること。たとえ評価されなくても、人々のために尽くす姿勢が大切。
49,沢火革,たくかかく,革命と変革,改革精神、革新性、古いものを壊す力,ラディカル、現状に満足しない、理想主義者,制度や組織を根本から変える力、改革断行力,破壊的、周囲の反発を招く,大胆な発想で、旧態依然とした状況を打ち破ることができる,事を急ぎすぎて失敗する、反発勢力に潰される,革命の同志とは強く結びつくが、保守的な人々とは激しく対立する。,革命家、改革派の政治家、ベンチャー起業家、経営コンサルタント,事を起こす前に、大義名分を明らかにし、人々の信頼を得ること。準備を万端にしてから行動する。
50,火風鼎,かふうてい,安定と共有,安定感、協調性、共有の精神、新しいものを生み出す力,どっしりしている、人を受け入れる、三方よしの精神を持つ,組織やチームを安定させる力、共有財産を築く力、人材育成能力,保守的になりがち、動きが遅い,協力体制を築き、安定した基盤の上で大きなことを成し遂げる。,既得権益に固執することがある。,中心人物として人をまとめ、調和のとれた関係を築く。皆に公平に接する。,経営者、チームリーダー、共同研究者、政治家,才能ある人を正しく用いること。中身を充実させ、皆で成果を分かち合う精神が大切。
51,震為雷,しんいらい,驚動と奮起,行動力、瞬発力、奮起する力、人を驚かせる,活発、エネルギッシュ、驚きやすい、短気、声が大きい,事態を動かす力、先導する能力、危機対応能力,慌てふためく、軽率な行動をとりがち、お騒がせ,停滞した状況を打破できる、行動が速い,落ち着きがない、早とちりしやすい,周囲を巻き込んで騒動を起こしやすい。驚かす側にも驚かされる側にもなる。,イベント企画、ジャーナリスト、消防士、救急隊員、起業家,驚くような出来事があっても、冷静さを失わないこと。恐れ慎み、自己反省を忘れずに行動する。
52,艮為山,ごんいざん,停止と不動,不動の心、自制心、静けさ、客観性,冷静沈着、動じない、無口、頑固、自分の世界を持つ,自己コントロール能力、状況を静観する力、集中力,行動しない、変化を嫌う、融通が利かない,周りに流されず、自分のペースを守れる。泰然自若としている。,チャンスを逃す、付き合いが悪い、頑固すぎて孤立する。,あまり人と関わろうとしない。自分の領域を侵されるのを嫌う。,僧侶、哲学者、作家、警備員、不動産関係、瞑想指導者,止まるべき時に止まるのは良いが、動くべき時に動ける準備もしておくこと。我欲を捨て、無心になる。
53,風山漸,ふうざんぜん,順序と漸進,着実性、順序を守る力、持続力、計画性,真面目、慎重、一歩一歩進む、時間をかける,長期的な計画を着実に実行する能力、順序立てて物事を進める力,進むのが遅い、融通が利かない,順序を踏んで進むため、失敗が少なく、着実に目標を達成できる。,スピード感に欠け、チャンスを逃すことがある。,結婚の象徴。婚約から結婚へと、順序正しく進むことで、幸せな関係が築ける。,公務員、研究者、職人、長期プロジェクトの担当者,焦りは禁物。正しい順序と手続きを大切にし、一歩ずつ着実に進むこと。
54,雷沢帰妹,らいたくきまい,軽率な結婚と序列無視,純粋な情熱、行動力、若さ,情熱的、衝動的、後先を考えない、わがまま,瞬発的な行動力,順序を無視する、焦って失敗する、感情に流される,思い立ったらすぐ行動できる（結果は伴わないことが多い）,軽率で間違いを犯しやすい、長期的な視点に欠ける,一時的な情熱で関係を結び、長続きしない。不適切な関係に陥りやすい。,（特定の適職はない）短期のアルバイトなど、責任の少ない立場,順序や礼儀を守ることが何よりも大切。目先の欲に惑わされず、長期的な視点を持つこと。
55,雷火豊,らいかほう,盛大と明暗,豊かさ、華やかさ、人を動かす力、カリスマ性,明るく、派手好き、エネルギッシュ、自信家,大きな事業を成功させる力、人を惹きつける魅力,絶頂期が長続きしない、良い時に油断する,カリスマ性で人を率い、大きな成功を収めることができる,盛者必衰。栄華が去った後の落差が激しい。,太陽のように人を惹きつけるが、その光が強すぎて、人が離れることもある。,スター、経営者、イベントプロデューサー、指導者,盛大な時こそ、憂いを忘れないこと。驕らず、謙虚な気持ちでいれば、豊かさを保てる。
56,火山旅,かざんりょ,旅と孤独,適応能力、孤独への耐性、客観的な視点,孤独を好む、根無し草、慎み深い、常にアウェイな感覚,新しい環境に適応する能力、状況を冷静に判断する力,居場所がないと感じる、心を閉ざしがち,様々な環境で生き抜く知恵と強さを持つ。,精神的な安らぎが得にくい、深く信頼できる人ができにくい。,旅先での出会いのように、一時的で表面的な付き合いが多くなる。,転勤の多い仕事、フリーランス、ジャーナリスト、旅行作家、コンサルタント,旅先では、謙虚で慎み深い態度を保つこと。現地のルールに従い、トラブルを避ける。
57,巽為風,そんいふう,従順と浸透,柔軟性、従順さ、伝達能力、影響力,穏やか、優柔不断、人に合わせるのがうまい、社交的,情報を広める力、交渉力、人心を掴む力,自分の意見がない、主体性に欠ける、人の影響を受けやすい,誰とでもうまくやれる、物事を円滑に進める。,決断力がない、八方美人に見られる。,調整役として重宝される。人の噂話などを広めやすい面も。,広報、広告、営業、ジャーナリスト、コンサルタント、通訳,従うだけでなく、自分の軸を持つこと。従うべき相手や情報を正しく見極める。
58,兌為沢,だいたく,喜びと交流,社交性、喜び、表現力、ユーモアのセンス,明るい、おしゃべり好き、楽しいことが好き、愛嬌がある,コミュニケーション能力、人を喜ばせる力、説得力,口が軽い、軽薄に見られることがある、楽しみに溺れやすい,周囲を明るくし、良好な人間関係を築ける,中身がない、誠実さに欠けると思われることがある,人気者で友人が多い。話の中心にいることが多い。恋愛上手。,接客業、営業、タレント、司会者、カウンセラー,口は災いのもと。言葉に責任を持つこと。内面の充実も心がける。
59,風水渙,ふうすいかん,離散と人心収攬,人心収攬の力、拡散力、カリスマ性、先見の明,大局的な視点を持つ、私心がない、人々をまとめるのが上手,バラバラになった人心を一つにまとめる能力、情報を広める力,細かいことには無頓着,困難な状況で、人々をまとめ上げ、危機を乗り越えることができる。,基盤が固まるまでは不安定。,共通の目標や信念を掲げることで、バラバラの人々をまとめるリーダーとなる。,宗教家、政治家、経営者、NPOリーダー,私心を捨て、大いなる目的のために行動すること。祭祀や共通の拠り所を設けて人心をまとめる。
60,水沢節,すいたくせつ,節度と制限,節度、自制心、計画性、区切りをつける力,ケジメを大事にする、自己管理ができる、真面目、少し窮屈,マネジメント能力、計画遂行能力、自己コントロール能力,規則でがんじがらめになる、ケチだと思われる,目標のために楽しみを我慢し、計画通りに物事を進められる,融通が利かない、人にも自分にも厳しすぎる,礼儀正しく、節度ある付き合いをする。親密になるまで時間がかかる。,経理、法務、管理者、公務員、設計士,厳しすぎる節度はかえって害になる。時には息抜きをし、楽しむことも大切。
61,風沢中孚,ふうたくちゅうふ,誠実と真心,誠実さ、真心、信頼、人を感化する力,裏表がない、正直、素直、誠意がある,人の心を開かせる力、信頼関係を築く力,お人好し、人を信じすぎる,誠実な人柄で、困難な状況さえも動かすことができる,騙されやすい、損な役回りを引き受けやすい,損得なく付き合い、深い信頼関係を築く。動物にも好かれるようなタイプ。,教育者、聖職者、福祉関係、人と信頼を築くすべての仕事,言葉だけでなく、行動で誠意を示すこと。自分の真心が、必ず相手に伝わると信じる。
62,雷山小過,らいざんしょうか,小さな過ちと謙虚,謙虚さ、慎重さ、細やかな配慮,控えめ、臆病、石橋を叩いて渡る、自分に自信がない,細かい点に気づく能力、リスク管理能力,やり過ぎず、やりなさ過ぎる。中途半端。,大きな失敗をしない、謙虚な姿勢が人に好かれる。,大胆な行動がとれず、大きなチャンスを逃す。,常に下手に出ることで、人間関係を円滑に保つ。,秘書、事務職、校正者、検査官、サポート役,大きな望みは捨て、分相応を心がけること。上を目指すより、足元を固める時。
63,水火既済,すいかきせい,完成と維持,バランス感覚、完成させる力、維持管理能力,整然としている、完璧主義、安定を好む、保守的,物事を完成させる能力、秩序を維持する能力,油断しやすい、小さな乱れを見過ごす、変化を嫌う,物事を完璧な形で仕上げ、安定した状態を保つことができる,完成した後は、衰退に向かいやすい。現状維持に固執する。,安定した関係を好む。秩序やルールを重んじる。,管理者、公務員、経理、システムの保守・運用,完成は新たな混乱の始まり。小さな綻びに注意し、常に初心を忘れず、将来に備えること。
64,火水未済,かすいびせい,未完成と希望,可能性、チャレンジ精神、状況判断力,慎重、思慮深い、混乱の中でも希望を失わない,混沌とした状況を整理し、道筋をつける能力,チャンスを目前にしてためらう、準備不足,物事が完成する前の、無限の可能性を秘めている。,見通しが立たず、途中で挫折しやすい。,秩序がなく、ばらばらな状態。協力体制を築くのが難しい。,新規プロジェクトの立ち上げ、研究開発、企画,未完成の状態。焦らず、自分の置かれた立場をよく見極め、慎重に行動すること。これから物事が始まっていく。
